<?xml version="1.0" encoding="UTF-8"?>
<archive>
    <dir sourceOnDisk="/microclimate-workspace/portfolio/src/main/webapp" targetInArchive="/"/>
    <dir sourceOnDisk="/home/default/app/mc-target/classes" targetInArchive="/WEB-INF/classes"/>
    <file sourceOnDisk="/home/default/.m2/repository/org/apache/kafka/kafka-clients/2.1.0/kafka-clients-2.1.0.jar" targetInArchive="/WEB-INF/lib/kafka-clients-2.1.0.jar"/>
    <file sourceOnDisk="/home/default/.m2/repository/com/github/luben/zstd-jni/1.3.5-4/zstd-jni-1.3.5-4.jar" targetInArchive="/WEB-INF/lib/zstd-jni-1.3.5-4.jar"/>
    <file sourceOnDisk="/home/default/.m2/repository/org/lz4/lz4-java/1.5.0/lz4-java-1.5.0.jar" targetInArchive="/WEB-INF/lib/lz4-java-1.5.0.jar"/>
    <file sourceOnDisk="/home/default/.m2/repository/org/xerial/snappy/snappy-java/1.1.7.2/snappy-java-1.1.7.2.jar" targetInArchive="/WEB-INF/lib/snappy-java-1.1.7.2.jar"/>
    <file sourceOnDisk="/home/default/.m2/repository/org/slf4j/slf4j-api/1.7.25/slf4j-api-1.7.25.jar" targetInArchive="/WEB-INF/lib/slf4j-api-1.7.25.jar"/>
    <file sourceOnDisk="/microclimate-workspace/portfolio/mc-target/liberty-maven/resources/META-INF/MANIFEST.MF" targetInArchive="/META-INF/MANIFEST.MF"/>
</archive>